.,$,sc,bool,int,float,const,string,id,lparen,rparen,comma,returns,assign,lbrace,rbrace,if,else,while,do,lt,leq,eq,geq,gt,plus,minus,mult,div,mod,domain,intval,floatval,stringval,not,compl,emit,symtable,rand,MODULE,MODPARTS,GOTDECLLIST,GFTDECLLIST,FUNTYPE,OTHERTYPE,FUNSIG,PARAMLIST,FUNCTION,BRACESTMTS,BSTMTS,BSTMT,SOLOSTMT,STEPS,DECLTYPE,DECLID,DECLIDS,DECLLIST,ASSIGN,IF,IFELSE,WHILE,DOWHILE,EXPR,FUNCALL,ARGLIST,BOOLS,BEXPR,PLUS,TIMES,AEXPR,SUM,PRODUCT,VALUE,UNARY,CAST,EMIT,RAND
0,,,sh-1,sh-2,sh-3,sh-4,sh-5,sh-6,,,,,,,,sh-7,,sh-8,sh-9,,,,,,,,,,,,,,,,,sh-10,,sh-11,,sh-12,sh-13,sh-14,sh-15,sh-16,sh-17,,sh-18,,,,,,,,,,sh-19,sh-20,sh-21,sh-22,sh-23,,,,,,,,,,,,,,sh-24,sh-25
1,,,,,,,,r-25,,,,,,,,,,,,,,,,,,,,,,,,,,,,,,,,,,,,,,,,,,,,,,,,,,,,,,,,,,,,,,,,,,,,
2,,,,,,,,r-26,,,,,,,,,,,,,,,,,,,,,,,,,,,,,,,,,,,,,,,,,,,,,,,,,,,,,,,,,,,,,,,,,,,,
3,,,,,,,,r-27,,,,,,,,,,,,,,,,,,,,,,,,,,,,,,,,,,,,,,,,,,,,,,,,,,,,,,,,,,,,,,,,,,,,
4,,,sh-26,sh-27,sh-28,,,,,,,,,,,,,,,,,,,,,,,,,,,,,,,,,,,,,,,,,,,,,,,,,,,,,,,,,,,,,,,,,,,,,,,
5,,,,,,,,r-31,,,,,,,,,,,,,,,,,,,,,,,,,,,,,,,,,,,,,,,,,,,,,,,,,,,,,,,,,,,,,,,,,,,,
6,,,,,,,,,,,,,sh-29,,,,,,,,,,,,,,,,,,,,,,,,,,,,,,,,,,,,,,,,,,,,,,,,,,,,,,,,,,,,,,,
7,,,,,,,,,sh-30,,,,,,,,,,,,,,,,,,,,,,,,,,,,,,,,,,,,,,,,,,,,,,,,,,,,,,,,,,,,,,,,,,,
8,,,,,,,,,sh-31,,,,,,,,,,,,,,,,,,,,,,,,,,,,,,,,,,,,,,,,,,,,,,,,,,,,,,,,,,,,,,,,,,,
9,,,,,,,,,,,,,,sh-32,,,,,,,,,,,,,,,,,,,,,,,,,,,,,,,,,,sh-33,,,,,,,,,,,,,,,,,,,,,,,,,,,,
10,,,,,,,,sh-34,sh-35,,,,,,,,,,,,,,,,,,,,,,,,,,,,sh-36,,,,,,,,,,,,,,,,,,,,,,,,,,,,,,,,,,,,,,,
11,,,,,,,,sh-37,,,,,,,,,,,,,,,,,,,,,,,,,,,,,,,,,,,,,,,,,,,,,,,,,,,,,,,,,,,,,,,,,,,,
12,sh-38,,,,,,,,,,,,,,,,,,,,,,,,,,,,,,,,,,,,,,,,,,,,,,,,,,,,,,,,,,,,,,,,,,,,,,,,,,,
13,,sh-39,,,,,,,,,,,,,,,,,,,,,,,,,,,,,,,,,,,,,,,,,,,,,,,,,,,,,,,,,,,,,,,,,,,,,,,,,,
14,,sh-40,,,,,,,,,,,,,,,,,,,,,,,,,,,,,,,,,,,,,,,,,,,,,,,,,,,,,,,,,,,,,,,,,,,,,,,,,,
15,,,,,,,,sh-41,,,,,,,,,,,,,,,,,,,,,,,,,,,,,,,,,,,,,,,,,,,,,,sh-42,sh-43,,sh-44,,,,,,,,,,,,,,,,,,,
16,,,,,,,,sh-45,,,,,,,,,,,,,,,,,,,,,,,,,,,,,,,,,,,,,,,,,,,,,,sh-42,sh-46,,sh-44,,,,,,,,,,,,,,,,,,,
17,,sh-47,,,,,,,,,,sh-48,,,,,,,,,,,,,,,,,,,,,,,,,,,,,,,,,,,,,,,,,,,,,,,,,,,,,,,,,,,,,,,,
18,r-7,,sh-1,sh-2,sh-3,sh-4,sh-5,sh-6,,,,,,,,sh-7,,sh-8,sh-9,,,,,,,,,,,,,,,,,sh-10,,sh-11,,sh-50,sh-13,sh-14,sh-15,sh-16,sh-17,,sh-18,,,,,,,,,,sh-19,sh-20,sh-21,sh-22,sh-23,,,,,,,,,,,,,,sh-24,sh-25
19,,sh-51,,,,,,,,,,,,,,,,,,,,,,,,,,,,,,,,,,,,,,,,,,,,,,,,,,,,,,,,,,,,,,,,,,,,,,,,,,
20,r-13,,sh-1,sh-2,sh-3,sh-4,sh-5,sh-6,,,,,,,,sh-7,,sh-8,sh-9,,,,,,,,,,,,,,,,,sh-10,,sh-11,,sh-53,sh-13,sh-14,sh-15,sh-16,sh-17,,sh-18,,,,,,,,,,sh-19,sh-20,sh-21,sh-22,sh-23,,,,,,,,,,,,,,sh-24,sh-25
21,r-15,,sh-1,sh-2,sh-3,sh-4,sh-5,sh-6,,,,,,,,sh-7,,sh-8,sh-9,,,,,,,,,,,,,,,,,sh-10,,sh-11,,sh-55,sh-13,sh-14,sh-15,sh-16,sh-17,,sh-18,,,,,,,,,,sh-19,sh-20,sh-21,sh-22,sh-23,,,,,,,,,,,,,,sh-24,sh-25
22,r-17,,sh-1,sh-2,sh-3,sh-4,sh-5,sh-6,,,,,,,,sh-7,,sh-8,sh-9,,,,,,,,,,,,,,,,,sh-10,,sh-11,,sh-57,sh-13,sh-14,sh-15,sh-16,sh-17,,sh-18,,,,,,,,,,sh-19,sh-20,sh-21,sh-22,sh-23,,,,,,,,,,,,,,sh-24,sh-25
23,r-19,,sh-1,sh-2,sh-3,sh-4,sh-5,sh-6,,,,,,,,sh-7,,sh-8,sh-9,,,,,,,,,,,,,,,,,sh-10,,sh-11,,sh-59,sh-13,sh-14,sh-15,sh-16,sh-17,,sh-18,,,,,,,,,,sh-19,sh-20,sh-21,sh-22,sh-23,,,,,,,,,,,,,,sh-24,sh-25
24,,sh-60,,,,,,,,,,,,,,,,,,,,,,,,,,,,,,,,,,,,,,,,,,,,,,,,,,,,,,,,,,,,,,,,,,,,,,,,,,
25,,sh-61,,,,,,,,,,,,,,,,,,,,,,,,,,,,,,,,,,,,,,,,,,,,,,,,,,,,,,,,,,,,,,,,,,,,,,,,,,
26,,,,,,,,r-28,,,,,,,,,,,,,,,,,,,,,,,,,,,,,,,,,,,,,,,,,,,,,,,,,,,,,,,,,,,,,,,,,,,,
27,,,,,,,,r-29,,,,,,,,,,,,,,,,,,,,,,,,,,,,,,,,,,,,,,,,,,,,,,,,,,,,,,,,,,,,,,,,,,,,
28,,,,,,,,r-30,,,,,,,,,,,,,,,,,,,,,,,,,,,,,,,,,,,,,,,,,,,,,,,,,,,,,,,,,,,,,,,,,,,,
29,,,sh-62,sh-63,sh-64,,,sh-65,sh-66,,,,,,,,,,,,,,,,sh-67,sh-68,,,,sh-69,sh-70,sh-71,sh-72,sh-73,sh-74,,,,,,,,,,,,,,,,,,,,,,sh-75,,,,,sh-76,sh-77,,,sh-78,sh-79,,sh-80,sh-81,sh-82,sh-83,sh-84,sh-85,,
30,,,sh-62,sh-63,sh-64,,,sh-86,sh-66,,,,,,,,,,,,,,,,sh-67,sh-68,,,,sh-69,sh-70,sh-71,sh-72,sh-73,sh-74,,,,,,,,,,,,,,,,,,,,,,,,,,,,,,,sh-87,sh-79,,sh-88,sh-81,sh-82,sh-83,sh-84,sh-85,,
31,,,sh-62,sh-63,sh-64,,,sh-86,sh-66,,,,,,,,,,,,,,,,sh-67,sh-68,,,,sh-69,sh-70,sh-71,sh-72,sh-73,sh-74,,,,,,,,,,,,,,,,,,,,,,,,,,,,,,,sh-89,sh-79,,sh-88,sh-81,sh-82,sh-83,sh-84,sh-85,,
32,,,r-39,r-39,r-39,r-39,r-39,r-39,,,,,,r-39,r-39,r-39,,r-39,r-39,,,,,,,,,,,,,,,,,r-39,,r-39,,,,,,,,,,,sh-91,,,,,,,,,,,,,,,,,,,,,,,,,,,
33,,,,,,,,,,,,,,,,,,sh-92,,,,,,,,,,,,,,,,,,,,,,,,,,,,,,,,,,,,,,,,,,,,,,,,,,,,,,,,,,
34,,,,,,,,,,,sh-93,,,,,,,,,,,,,,,,,,,,,,,,,,,,,,,,,,,,,,,,,,,,,,,,,,,,,,,,,,,,,,,,,
35,,,sh-62,sh-63,sh-64,,,sh-86,sh-66,,,,,,,,,,,,,,,,sh-67,sh-68,,,,sh-69,sh-70,sh-71,sh-72,sh-73,sh-74,,,,,,,,,,,,,,,,,,,,,,,,,,,,,,,,sh-79,,sh-94,sh-81,sh-82,sh-83,sh-84,sh-85,,
36,,r-110,,,,,,,,,,,,,,,,,,,,,,,,,,,,,,,,,,,,,,,,,,,,,,,,,,,,,,,,,,,,,,,,,,,,,,,,,,
37,,r-111,,,,,,,,,sh-96,,,,,,,,,,,,,,,,,,,,,,,,,,,,,,,,,,,,,,,,,,,,,,,,,,,,,,,,,,,,,,,,,
38,R--1,R--1,R--1,R--1,R--1,R--1,R--1,R--1,R--1,R--1,R--1,R--1,R--1,R--1,R--1,R--1,R--1,R--1,R--1,R--1,R--1,R--1,R--1,R--1,R--1,R--1,R--1,R--1,R--1,R--1,R--1,R--1,R--1,R--1,R--1,R--1,R--1,R--1,R--1,R--1,R--1,R--1,R--1,R--1,R--1,R--1,R--1,R--1,R--1,R--1,R--1,R--1,R--1,R--1,R--1,R--1,R--1,R--1,R--1,R--1,R--1,R--1,R--1,R--1,R--1,R--1,R--1,R--1,R--1,R--1,R--1,R--1,R--1,R--1,R--1,R--1
39,r-1,,sh-1,sh-2,sh-3,sh-4,sh-5,sh-6,,,,,,,,sh-7,,sh-8,sh-9,,,,,,,,,,,,,,,,,sh-10,,sh-11,,sh-98,sh-13,sh-14,sh-15,sh-16,sh-17,,sh-18,,,,,,,,,,sh-19,sh-20,sh-21,sh-22,sh-23,,,,,,,,,,,,,,sh-24,sh-25
40,r-3,,sh-1,sh-2,sh-3,sh-4,sh-5,sh-6,,,,,,,,sh-7,,sh-8,sh-9,,,,,,,,,,,,,,,,,sh-10,,sh-11,,sh-100,sh-13,sh-14,sh-15,sh-16,sh-17,,sh-18,,,,,,,,,,sh-19,sh-20,sh-21,sh-22,sh-23,,,,,,,,,,,,,,sh-24,sh-25
41,,r-60,,,,,,,sh-102,,r-60,,sh-29,,,,,,,,,,,,,,,,,,,,,,,,,,,,,,,,,,,,,,,,,,,,,,,,,,,,,,,,,,,,,,,
42,,r-62,,,,,,,,,r-62,,,,,,,,,,,,,,,,,,,,,,,,,,,,,,,,,,,,,,,,,,,,,,,,,,,,,,,,,,,,,,,,,
43,,r-24,,,,,,,,,sh-104,,,,,,,,,,,,,,,,,,,,,,,,,,,,,,,,,,,,,,,,,,,,,,,,,,,,,,,,,,,,,,,,,
44,,r-61,,,,,,,,,r-61,,,,,,,,,,,,,,,,,,,,,,,,,,,,,,,,,,,,,,,,,,,,,,,,,,,,,,,,,,,,,,,,,
45,,r-60,,,,,,,,,r-60,,sh-29,,,,,,,,,,,,,,,,,,,,,,,,,,,,,,,,,,,,,,,,,,,,,,,,,,,,,,,,,,,,,,,
46,,r-23,,,,,,,,,sh-104,,,,,,,,,,,,,,,,,,,,,,,,,,,,,,,,,,,,,,,,,,,,,,,,,,,,,,,,,,,,,,,,,
47,r-5,,sh-1,sh-2,sh-3,sh-4,sh-5,sh-6,,,,,,,,sh-7,,sh-8,sh-9,,,,,,,,,,,,,,,,,sh-10,,sh-11,,sh-107,sh-13,sh-14,sh-15,sh-16,sh-17,,sh-18,,,,,,,,,,sh-19,sh-20,sh-21,sh-22,sh-23,,,,,,,,,,,,,,sh-24,sh-25
48,,,,,,,,sh-108,,,,,,,,,,,,,,,,,,,,,,,,,,,,,,,,,,,,,,,,,,,,,,,,,,,,,,,,,,,,,,,,,,,,
49,r-7,,,,,,,,,,,,,,,,,,,,,,,,,,,,,,,,,,,,,,,,,,,,,,,,,,,,,,,,,,,,,,,,,,,,,,,,,,,
50,r-8,,,,,,,,,,,,,,,,,,,,,,,,,,,,,,,,,,,,,,,,,,,,,,,,,,,,,,,,,,,,,,,,,,,,,,,,,,,
51,r-21,,sh-1,sh-2,sh-3,sh-4,sh-5,sh-6,,,,,,,,sh-7,,sh-8,sh-9,,,,,,,,,,,,,,,,,sh-10,,sh-11,,sh-110,sh-13,sh-14,sh-15,sh-16,sh-17,,sh-18,,,,,,,,,,sh-19,sh-20,sh-21,sh-22,sh-23,,,,,,,,,,,,,,sh-24,sh-25
52,r-13,,,,,,,,,,,,,,,,,,,,,,,,,,,,,,,,,,,,,,,,,,,,,,,,,,,,,,,,,,,,,,,,,,,,,,,,,,,
53,r-14,,,,,,,,,,,,,,,,,,,,,,,,,,,,,,,,,,,,,,,,,,,,,,,,,,,,,,,,,,,,,,,,,,,,,,,,,,,
54,r-15,,,,,,,,,,,,,,,,,,,,,,,,,,,,,,,,,,,,,,,,,,,,,,,,,,,,,,,,,,,,,,,,,,,,,,,,,,,
55,r-16,,,,,,,,,,,,,,,,,,,,,,,,,,,,,,,,,,,,,,,,,,,,,,,,,,,,,,,,,,,,,,,,,,,,,,,,,,,
56,r-17,,,,,,,,,,,,,,,,,,,,,,,,,,,,,,,,,,,,,,,,,,,,,,,,,,,,,,,,,,,,,,,,,,,,,,,,,,,
57,r-18,,,,,,,,,,,,,,,,,,,,,,,,,,,,,,,,,,,,,,,,,,,,,,,,,,,,,,,,,,,,,,,,,,,,,,,,,,,
58,r-19,,,,,,,,,,,,,,,,,,,,,,,,,,,,,,,,,,,,,,,,,,,,,,,,,,,,,,,,,,,,,,,,,,,,,,,,,,,
59,r-20,,,,,,,,,,,,,,,,,,,,,,,,,,,,,,,,,,,,,,,,,,,,,,,,,,,,,,,,,,,,,,,,,,,,,,,,,,,
60,r-9,,sh-1,sh-2,sh-3,sh-4,sh-5,sh-6,,,,,,,,sh-7,,sh-8,sh-9,,,,,,,,,,,,,,,,,sh-10,,sh-11,,sh-112,sh-13,sh-14,sh-15,sh-16,sh-17,,sh-18,,,,,,,,,,sh-19,sh-20,sh-21,sh-22,sh-23,,,,,,,,,,,,,,sh-24,sh-25
61,r-11,,sh-1,sh-2,sh-3,sh-4,sh-5,sh-6,,,,,,,,sh-7,,sh-8,sh-9,,,,,,,,,,,,,,,,,sh-10,,sh-11,,sh-114,sh-13,sh-14,sh-15,sh-16,sh-17,,sh-18,,,,,,,,,,sh-19,sh-20,sh-21,sh-22,sh-23,,,,,,,,,,,,,,sh-24,sh-25
62,,,,,,,,,sh-115,,,,,,,,,,,,,,,,,,,,,,,,,,,,,,,,,,,,,,,,,,,,,,,,,,,,,,,,,,,,,,,,,,,
63,,,,,,,,,sh-116,,,,,,,,,,,,,,,,,,,,,,,,,,,,,,,,,,,,,,,,,,,,,,,,,,,,,,,,,,,,,,,,,,,
64,,,,,,,,,sh-117,,,,,,,,,,,,,,,,,,,,,,,,,,,,,,,,,,,,,,,,,,,,,,,,,,,,,,,,,,,,,,,,,,,
65,,r-99,,,,,,r-99,sh-118,r-99,r-99,,sh-29,r-99,,r-99,,r-99,,r-99,r-99,r-99,r-99,r-99,r-99,r-99,r-99,r-99,r-99,,,,,,,r-99,,r-99,,,,,,,,,,,,,,,,,,,,,,,,,,,,,,,,,,,,,,
66,,,sh-62,sh-63,sh-64,,,sh-119,sh-66,,,,,,,,,,,,,,,,sh-67,sh-68,,,,sh-69,sh-70,sh-71,sh-72,sh-73,sh-74,,,,,,,,,,,,,,,,,,,,,,,,,,,sh-120,sh-77,,,sh-78,sh-79,,sh-80,sh-81,sh-82,sh-83,sh-84,sh-85,,
67,,,r-84,r-84,r-84,,,r-84,r-84,,,,,,,,,,,,,,,,r-84,r-84,,,,r-84,r-84,r-84,r-84,r-84,r-84,,,,,,,,,,,,,,,,,,,,,,,,,,,,,,,,,,,,,,,,,
68,,,r-85,r-85,r-85,,,r-85,r-85,,,,,,,,,,,,,,,,r-85,r-85,,,,r-85,r-85,r-85,r-85,r-85,r-85,,,,,,,,,,,,,,,,,,,,,,,,,,,,,,,,,,,,,,,,,
69,,,,,,,,,sh-121,,,,,,,,,,,,,,,,,,,,,,,,,,,,,,,,,,,,,,,,,,,,,,,,,,,,,,,,,,,,,,,,,,,
70,,r-96,,,,,,r-96,,r-96,r-96,,,r-96,,r-96,,r-96,,r-96,r-96,r-96,r-96,r-96,r-96,r-96,r-96,r-96,r-96,,,,,,,r-96,,r-96,,,,,,,,,,,,,,,,,,,,,,,,,,,,,,,,,,,,,,
71,,r-97,,,,,,r-97,,r-97,r-97,,,r-97,,r-97,,r-97,,r-97,r-97,r-97,r-97,r-97,r-97,r-97,r-97,r-97,r-97,,,,,,,r-97,,r-97,,,,,,,,,,,,,,,,,,,,,,,,,,,,,,,,,,,,,,
72,,r-98,,,,,,r-98,,r-98,r-98,,,r-98,,r-98,,r-98,,r-98,r-98,r-98,r-98,r-98,r-98,r-98,r-98,r-98,r-98,,,,,,,r-98,,r-98,,,,,,,,,,,,,,,,,,,,,,,,,,,,,,,,,,,,,,
73,,,sh-62,sh-63,sh-64,,,sh-86,sh-66,,,,,,,,,,,,,,,,sh-67,sh-68,,,,sh-69,sh-70,sh-71,sh-72,sh-73,sh-74,,,,,,,,,,,,,,,,,,,,,,,,,,,,,,,,sh-79,,,,,sh-122,sh-84,sh-85,,
74,,,sh-62,sh-63,sh-64,,,sh-86,sh-66,,,,,,,,,,,,,,,,sh-67,sh-68,,,,sh-69,sh-70,sh-71,sh-72,sh-73,sh-74,,,,,,,,,,,,,,,,,,,,,,,,,,,,,,,,sh-79,,,,,sh-123,sh-84,sh-85,,
75,,r-66,,,,,,,,,r-66,,,,,,,,,,,,,,,,,,,,,,,,,,,,,,,,,,,,,,,,,,,,,,,,,,,,,,,,,,,,,,,,,
76,,r-65,,,,,,,,,r-65,,,,,,,,,,,,,,,,,,,,,,,,,,,,,,,,,,,,,,,,,,,,,,,,,,,,,,,,,,,,,,,,,
77,,r-73,,,,,,r-73,,r-73,r-73,,,r-73,,r-73,,r-73,,,,,,,,,,,,,,,,,,r-73,,r-73,,,,,,,,,,,,,,,,,,,,,,,,,,,,,,,,,,,,,,
78,,r-71,,,,,,r-71,,r-71,r-71,,,r-71,,r-71,,r-71,,,,,,,,,,,,,,,,,,r-71,,r-71,,,,,,,,,,,,,,,,,,,,,,,,,,,,,,,,,,,,,,
79,,,sh-62,sh-63,sh-64,,,sh-86,sh-66,,,,,,,,,,,,,,,,sh-67,sh-68,,,,sh-69,sh-70,sh-71,sh-72,sh-73,sh-74,,,,,,,,,,,,,,,,,,,,,,,,,,,,,,,,sh-79,,,,,sh-124,sh-84,sh-85,,
80,,r-72,,,,,,r-72,,r-72,r-72,,,r-72,,r-72,,r-72,,sh-126,sh-127,sh-128,sh-129,sh-130,,,,,,,,,,,,r-72,,r-72,,,,,,,,,,,,,,,,,,,,,,,,,,,sh-131,,,,,,,,,,,
81,,r-89,,,,,,r-89,,r-89,r-89,,,r-89,,r-89,,r-89,,r-89,r-89,r-89,r-89,r-89,sh-67,sh-68,,,,,,,,,,r-89,,r-89,,,,,,,,,,,,,,,,,,,,,,,,,,,,,sh-133,,,,,,,,,
82,,r-91,,,,,,r-91,,r-91,r-91,,,r-91,,r-91,,r-91,,r-91,r-91,r-91,r-91,r-91,r-91,r-91,sh-135,sh-136,sh-137,,,,,,,r-91,,r-91,,,,,,,,,,,,,,,,,,,,,,,,,,,,,,sh-138,,,,,,,,
83,,r-93,,,,,,r-93,,r-93,r-93,,,r-93,,r-93,,r-93,,r-93,r-93,r-93,r-93,r-93,r-93,r-93,r-93,r-93,r-93,,,,,,,r-93,,r-93,,,,,,,,,,,,,,,,,,,,,,,,,,,,,,,,,,,,,,
84,,r-100,,,,,,r-100,,r-100,r-100,,,r-100,,r-100,,r-100,,r-100,r-100,r-100,r-100,r-100,r-100,r-100,r-100,r-100,r-100,,,,,,,r-100,,r-100,,,,,,,,,,,,,,,,,,,,,,,,,,,,,,,,,,,,,,
85,,r-101,,,,,,r-101,,r-101,r-101,,,r-101,,r-101,,r-101,,r-101,r-101,r-101,r-101,r-101,r-101,r-101,r-101,r-101,r-101,,,,,,,r-101,,r-101,,,,,,,,,,,,,,,,,,,,,,,,,,,,,,,,,,,,,,
86,,r-99,,,,,,r-99,,r-99,r-99,,,r-99,,r-99,,r-99,,r-99,r-99,r-99,r-99,r-99,r-99,r-99,r-99,r-99,r-99,,,,,,,r-99,,r-99,,,,,,,,,,,,,,,,,,,,,,,,,,,,,,,,,,,,,,
87,,,,,,,,,,sh-139,,,,,,,,,,,,,,,,,,,,,,,,,,,,,,,,,,,,,,,,,,,,,,,,,,,,,,,,,,,,,,,,,,
88,,,,,,,,,,,,,,,,,,,,sh-126,sh-127,sh-128,sh-129,sh-130,,,,,,,,,,,,,,,,,,,,,,,,,,,,,,,,,,,,,,,,,sh-131,,,,,,,,,,,
89,,,,,,,,,,sh-140,,,,,,,,,,,,,,,,,,,,,,,,,,,,,,,,,,,,,,,,,,,,,,,,,,,,,,,,,,,,,,,,,,
90,,,r-39,r-39,r-39,r-39,r-39,r-39,,,,,,r-39,r-39,r-39,,r-39,r-39,,,,,,,,,,,,,,,,,r-39,,r-39,,,,,,,,,,,,,,,,,,,,,,,,,,,,,,,,,,,,,,
91,,,sh-1,sh-2,sh-3,sh-4,sh-5,sh-6,,,,,,sh-32,sh-141,sh-7,,sh-8,sh-9,,,,,,,,,,,,,,,,,sh-10,,sh-11,,,,,sh-142,sh-143,,,,sh-144,,sh-145,,,sh-146,,,sh-147,sh-148,sh-149,sh-150,sh-151,sh-152,,,,,,,,,,,,,,sh-153,sh-154
92,,,,,,,,,sh-155,,,,,,,,,,,,,,,,,,,,,,,,,,,,,,,,,,,,,,,,,,,,,,,,,,,,,,,,,,,,,,,,,,,
93,,,sh-62,sh-63,sh-64,,,sh-86,sh-66,,,,,,,,,,,,,,,,sh-67,sh-68,,,,sh-69,sh-70,sh-71,sh-72,sh-73,sh-74,,,,,,,,,,,,,,,,,,,,,,,,,,,,,,,,sh-79,,sh-156,sh-81,sh-82,sh-83,sh-84,sh-85,,
94,,,,,,,,,,sh-157,,,,,,,,,,,,,,,,,,,,,,,,,,,,,,,,,,,,,,,,,,,,,,,,,,,,,,,,,,,,,,,,,,
95,,r-111,,,,,,,,,,,,,,,,,,,,,,,,,,,,,,,,,,,,,,,,,,,,,,,,,,,,,,,,,,,,,,,,,,,,,,,,,,
96,,,sh-62,sh-63,sh-64,,,sh-86,sh-66,,,,,,,,,,,,,,,,sh-67,sh-68,,,,sh-69,sh-70,sh-71,sh-72,sh-73,sh-74,,,,,,,,,,,,,,,,,,,,,,,,,,,,,,,,sh-79,,sh-158,sh-81,sh-82,sh-83,sh-84,sh-85,,
97,r-1,,,,,,,,,,,,,,,,,,,,,,,,,,,,,,,,,,,,,,,,,,,,,,,,,,,,,,,,,,,,,,,,,,,,,,,,,,,
98,r-2,,,,,,,,,,,,,,,,,,,,,,,,,,,,,,,,,,,,,,,,,,,,,,,,,,,,,,,,,,,,,,,,,,,,,,,,,,,
99,r-3,,,,,,,,,,,,,,,,,,,,,,,,,,,,,,,,,,,,,,,,,,,,,,,,,,,,,,,,,,,,,,,,,,,,,,,,,,,
100,r-4,,,,,,,,,,,,,,,,,,,,,,,,,,,,,,,,,,,,,,,,,,,,,,,,,,,,,,,,,,,,,,,,,,,,,,,,,,,
101,,r-60,,,,,,,,,r-60,,,,,,,,,,,,,,,,,,,,,,,,,,,,,,,,,,,,,,,,,,,,,,,,,,,,,,,,,,,,,,,,,
102,,,sh-1,sh-2,sh-3,,,,,r-35,,,,,,,,,,,,,,,,,,,,,,,,,,,,,,,,,sh-160,,,sh-161,,,,,,,,,,,,,,,,,,,,,,,,,,,,,,
103,,r-24,,,,,,,,,,,,,,,,,,,,,,,,,,,,,,,,,,,,,,,,,,,,,,,,,,,,,,,,,,,,,,,,,,,,,,,,,,
104,,,,,,,,sh-45,,,,,,,,,,,,,,,,,,,,,,,,,,,,,,,,,,,,,,,,,,,,,,sh-162,,,sh-44,,,,,,,,,,,,,,,,,,,
105,,r-23,,,,,,,,,,,,,,,,,,,,,,,,,,,,,,,,,,,,,,,,,,,,,,,,,,,,,,,,,,,,,,,,,,,,,,,,,,
106,r-5,,,,,,,,,,,,,,,,,,,,,,,,,,,,,,,,,,,,,,,,,,,,,,,,,,,,,,,,,,,,,,,,,,,,,,,,,,,
107,r-6,,,,,,,,,,,,,,,,,,,,,,,,,,,,,,,,,,,,,,,,,,,,,,,,,,,,,,,,,,,,,,,,,,,,,,,,,,,
108,,,,,,,,,,,,,sh-163,,,,,,,,,,,,,,,,,,,,,,,,,,,,,,,,,,,,,,,,,,,,,,,,,,,,,,,,,,,,,,,
109,r-21,,,,,,,,,,,,,,,,,,,,,,,,,,,,,,,,,,,,,,,,,,,,,,,,,,,,,,,,,,,,,,,,,,,,,,,,,,,
110,r-22,,,,,,,,,,,,,,,,,,,,,,,,,,,,,,,,,,,,,,,,,,,,,,,,,,,,,,,,,,,,,,,,,,,,,,,,,,,
111,r-9,,,,,,,,,,,,,,,,,,,,,,,,,,,,,,,,,,,,,,,,,,,,,,,,,,,,,,,,,,,,,,,,,,,,,,,,,,,
112,r-10,,,,,,,,,,,,,,,,,,,,,,,,,,,,,,,,,,,,,,,,,,,,,,,,,,,,,,,,,,,,,,,,,,,,,,,,,,,
113,r-11,,,,,,,,,,,,,,,,,,,,,,,,,,,,,,,,,,,,,,,,,,,,,,,,,,,,,,,,,,,,,,,,,,,,,,,,,,,
114,r-12,,,,,,,,,,,,,,,,,,,,,,,,,,,,,,,,,,,,,,,,,,,,,,,,,,,,,,,,,,,,,,,,,,,,,,,,,,,
115,,,sh-62,sh-63,sh-64,,,sh-119,sh-66,,,,,,,,,,,,,,,,sh-67,sh-68,,,,sh-69,sh-70,sh-71,sh-72,sh-73,sh-74,,,,,,,,,,,,,,,,,,,,,,,,,,,sh-164,sh-77,,,sh-78,sh-79,,sh-80,sh-81,sh-82,sh-83,sh-84,sh-85,,
116,,,sh-62,sh-63,sh-64,,,sh-119,sh-66,,,,,,,,,,,,,,,,sh-67,sh-68,,,,sh-69,sh-70,sh-71,sh-72,sh-73,sh-74,,,,,,,,,,,,,,,,,,,,,,,,,,,sh-165,sh-77,,,sh-78,sh-79,,sh-80,sh-81,sh-82,sh-83,sh-84,sh-85,,
117,,,sh-62,sh-63,sh-64,,,sh-119,sh-66,,,,,,,,,,,,,,,,sh-67,sh-68,,,,sh-69,sh-70,sh-71,sh-72,sh-73,sh-74,,,,,,,,,,,,,,,,,,,,,,,,,,,sh-166,sh-77,,,sh-78,sh-79,,sh-80,sh-81,sh-82,sh-83,sh-84,sh-85,,
118,,,sh-62,sh-63,sh-64,,,sh-119,sh-66,r-77,r-77,,,,,,,,,,,,,,sh-67,sh-68,,,,sh-69,sh-70,sh-71,sh-72,sh-73,sh-74,,,,,,,,,,,,,,,,,,,,,,,,,,,sh-168,sh-77,sh-169,,sh-78,sh-79,,sh-80,sh-81,sh-82,sh-83,sh-84,sh-85,,
119,,r-99,,,,,,r-99,sh-118,r-99,r-99,,,r-99,,r-99,,r-99,,r-99,r-99,r-99,r-99,r-99,r-99,r-99,r-99,r-99,r-99,,,,,,,r-99,,r-99,,,,,,,,,,,,,,,,,,,,,,,,,,,,,,,,,,,,,,
120,,,,,,,,,,sh-170,,,,,,,,,,,,,,,,,,,,,,,,,,,,,,,,,,,,,,,,,,,,,,,,,,,,,,,,,,,,,,,,,,
121,,,sh-62,sh-63,sh-64,,,sh-119,sh-66,,,,,,,,,,,,,,,,sh-67,sh-68,,,,sh-69,sh-70,sh-71,sh-72,sh-73,sh-74,,,,,,,,,,,,,,,,,,,,,,,,,,,sh-171,sh-77,,,sh-78,sh-79,,sh-80,sh-81,sh-82,sh-83,sh-84,sh-85,,
122,,r-103,,,,,,r-103,,r-103,r-103,,,r-103,,r-103,,r-103,,r-103,r-103,r-103,r-103,r-103,r-103,r-103,r-103,r-103,r-103,,,,,,,r-103,,r-103,,,,,,,,,,,,,,,,,,,,,,,,,,,,,,,,,,,,,,
123,,r-104,,,,,,r-104,,r-104,r-104,,,r-104,,r-104,,r-104,,r-104,r-104,r-104,r-104,r-104,r-104,r-104,r-104,r-104,r-104,,,,,,,r-104,,r-104,,,,,,,,,,,,,,,,,,,,,,,,,,,,,,,,,,,,,,
124,,r-102,,,,,,r-102,,r-102,r-102,,,r-102,,r-102,,r-102,,r-102,r-102,r-102,r-102,r-102,r-102,r-102,r-102,r-102,r-102,,,,,,,r-102,,r-102,,,,,,,,,,,,,,,,,,,,,,,,,,,,,,,,,,,,,,
125,,r-72,,,,,,r-72,,r-72,r-72,,,r-72,,r-72,,r-72,,,,,,,,,,,,,,,,,,r-72,,r-72,,,,,,,,,,,,,,,,,,,,,,,,,,,,,,,,,,,,,,
126,,,r-78,r-78,r-78,,,r-78,r-78,,,,,,,,,,,,,,,,r-78,r-78,,,,r-78,r-78,r-78,r-78,r-78,r-78,,,,,,,,,,,,,,,,,,,,,,,,,,,,,,,,,,,,,,,,,
127,,,r-79,r-79,r-79,,,r-79,r-79,,,,,,,,,,,,,,,,r-79,r-79,,,,r-79,r-79,r-79,r-79,r-79,r-79,,,,,,,,,,,,,,,,,,,,,,,,,,,,,,,,,,,,,,,,,
128,,,r-80,r-80,r-80,,,r-80,r-80,,,,,,,,,,,,,,,,r-80,r-80,,,,r-80,r-80,r-80,r-80,r-80,r-80,,,,,,,,,,,,,,,,,,,,,,,,,,,,,,,,,,,,,,,,,
129,,,r-81,r-81,r-81,,,r-81,r-81,,,,,,,,,,,,,,,,r-81,r-81,,,,r-81,r-81,r-81,r-81,r-81,r-81,,,,,,,,,,,,,,,,,,,,,,,,,,,,,,,,,,,,,,,,,
130,,,r-82,r-82,r-82,,,r-82,r-82,,,,,,,,,,,,,,,,r-82,r-82,,,,r-82,r-82,r-82,r-82,r-82,r-82,,,,,,,,,,,,,,,,,,,,,,,,,,,,,,,,,,,,,,,,,
131,,,sh-62,sh-63,sh-64,,,sh-86,sh-66,,,,,,,,,,,,,,,,sh-67,sh-68,,,,sh-69,sh-70,sh-71,sh-72,sh-73,sh-74,,,,,,,,,,,,,,,,,,,,,,,,,,,,,,,,sh-79,,sh-172,sh-81,sh-82,sh-83,sh-84,sh-85,,
132,,r-89,,,,,,r-89,,r-89,r-89,,,r-89,,r-89,,r-89,,r-89,r-89,r-89,r-89,r-89,,,,,,,,,,,,r-89,,r-89,,,,,,,,,,,,,,,,,,,,,,,,,,,,,,,,,,,,,,
133,,,sh-62,sh-63,sh-64,,,sh-86,sh-66,,,,,,,,,,,,,,,,sh-67,sh-68,,,,sh-69,sh-70,sh-71,sh-72,sh-73,sh-74,,,,,,,,,,,,,,,,,,,,,,,,,,,,,,,,sh-79,,,,sh-173,sh-83,sh-84,sh-85,,
134,,r-91,,,,,,r-91,,r-91,r-91,,,r-91,,r-91,,r-91,,r-91,r-91,r-91,r-91,r-91,r-91,r-91,,,,,,,,,,r-91,,r-91,,,,,,,,,,,,,,,,,,,,,,,,,,,,,,,,,,,,,,
135,,,r-86,r-86,r-86,,,r-86,r-86,,,,,,,,,,,,,,,,r-86,r-86,,,,r-86,r-86,r-86,r-86,r-86,r-86,,,,,,,,,,,,,,,,,,,,,,,,,,,,,,,,,,,,,,,,,
136,,,r-87,r-87,r-87,,,r-87,r-87,,,,,,,,,,,,,,,,r-87,r-87,,,,r-87,r-87,r-87,r-87,r-87,r-87,,,,,,,,,,,,,,,,,,,,,,,,,,,,,,,,,,,,,,,,,
137,,,r-88,r-88,r-88,,,r-88,r-88,,,,,,,,,,,,,,,,r-88,r-88,,,,r-88,r-88,r-88,r-88,r-88,r-88,,,,,,,,,,,,,,,,,,,,,,,,,,,,,,,,,,,,,,,,,
138,,,sh-62,sh-63,sh-64,,,sh-86,sh-66,,,,,,,,,,,,,,,,sh-67,sh-68,,,,sh-69,sh-70,sh-71,sh-72,sh-73,sh-74,,,,,,,,,,,,,,,,,,,,,,,,,,,,,,,,sh-79,,,,,sh-174,sh-84,sh-85,,
139,,sh-175,,,,,,sh-6,,,,,,sh-32,,sh-7,,sh-8,,,,,,,,,,,,,,,,,,sh-10,,sh-11,,,,,,,,,,sh-176,,,sh-177,sh-178,,,,,sh-179,sh-180,sh-181,sh-182,,,,,,,,,,,,,,,sh-183,sh-184
140,,sh-175,,,,,,sh-6,,,,,,sh-32,,sh-7,,sh-8,,,,,,,,,,,,,,,,,,sh-10,,sh-11,,,,,,,,,,sh-185,,,sh-177,sh-186,,,,,sh-179,sh-180,sh-181,sh-182,,,,,,,,,,,,,,,sh-183,sh-184
141,r-37,,r-37,r-37,r-37,r-37,r-37,r-37,,,,,,r-37,r-37,r-37,r-37,r-37,r-37,,,,,,,,,,,,,,,,,r-37,,r-37,,,,,,,,,,,,,,,,,,,,,,,,,,,,,,,,,,,,,,
142,,,,,,,,r-58,,,,,,,,,,,,,,,,,,,,,,,,,,,,,,,,,,,,,,,,,,,,,,,,,,,,,,,,,,,,,,,,,,,,
143,,,,,,,,r-59,,,,,,,,,,,,,,,,,,,,,,,,,,,,,,,,,,,,,,,,,,,,,,,,,,,,,,,,,,,,,,,,,,,,
144,,,r-40,r-40,r-40,r-40,r-40,r-40,,,,,,r-40,r-40,r-40,,r-40,r-40,,,,,,,,,,,,,,,,,r-40,,r-40,,,,,,,,,,,,,,,,,,,,,,,,,,,,,,,,,,,,,,
145,,,r-38,r-38,r-38,r-38,r-38,r-38,,,,,,r-38,r-38,r-38,,r-38,r-38,,,,,,,,,,,,,,,,,r-38,,r-38,,,,,,,,,,,,,,,,,,,,,,,,,,,,,,,,,,,,,,
146,,,,,,,,sh-45,,,,,,,,,,,,,,,,,,,,,,,,,,,,,,,,,,,,,,,,,,,,,,sh-42,sh-187,,sh-44,,,,,,,,,,,,,,,,,,,
147,,sh-188,,,,,,,,,,,,,,,,,,,,,,,,,,,,,,,,,,,,,,,,,,,,,,,,,,,,,,,,,,,,,,,,,,,,,,,,,,
148,,sh-189,,,,,,,,,,,,,,,,,,,,,,,,,,,,,,,,,,,,,,,,,,,,,,,,,,,,,,,,,,,,,,,,,,,,,,,,,,
149,,,r-43,r-43,r-43,r-43,r-43,r-43,,,,,,r-43,r-43,r-43,,r-43,r-43,,,,,,,,,,,,,,,,,r-43,,r-43,,,,,,,,,,,,,,,,,,,,,,,,,,,,,,,,,,,,,,
150,,,r-44,r-44,r-44,r-44,r-44,r-44,,,,,,r-44,r-44,r-44,,r-44,r-44,,,,,,,,,,,,,,,,,r-44,,r-44,,,,,,,,,,,,,,,,,,,,,,,,,,,,,,,,,,,,,,
151,,,r-46,r-46,r-46,r-46,r-46,r-46,,,,,,r-46,r-46,r-46,,r-46,r-46,,,,,,,,,,,,,,,,,r-46,,r-46,,,,,,,,,,,,,,,,,,,,,,,,,,,,,,,,,,,,,,
152,,,r-45,r-45,r-45,r-45,r-45,r-45,,,,,,r-45,r-45,r-45,,r-45,r-45,,,,,,,,,,,,,,,,,r-45,,r-45,,,,,,,,,,,,,,,,,,,,,,,,,,,,,,,,,,,,,,
153,,sh-190,,,,,,,,,,,,,,,,,,,,,,,,,,,,,,,,,,,,,,,,,,,,,,,,,,,,,,,,,,,,,,,,,,,,,,,,,,
154,,sh-191,,,,,,,,,,,,,,,,,,,,,,,,,,,,,,,,,,,,,,,,,,,,,,,,,,,,,,,,,,,,,,,,,,,,,,,,,,
155,,,sh-62,sh-63,sh-64,,,sh-86,sh-66,,,,,,,,,,,,,,,,sh-67,sh-68,,,,sh-69,sh-70,sh-71,sh-72,sh-73,sh-74,,,,,,,,,,,,,,,,,,,,,,,,,,,,,,,sh-192,sh-79,,sh-88,sh-81,sh-82,sh-83,sh-84,sh-85,,
156,,,,,,,,,,,sh-193,,,,,,,,,,,,,,,,,,,,,,,,,,,,,,,,,,,,,,,,,,,,,,,,,,,,,,,,,,,,,,,,,
157,,r-109,,,,,,,,,,,,,,,,,,,,,,,,,,,,,,,,,,,,,,,,,,,,,,,,,,,,,,,,,,,,,,,,,,,,,,,,,,
158,,,,,,,,,,,sh-194,,,,,,,,,,,,,,,,,,,,,,,,,,,,,,,,,,,,,,,,,,,,,,,,,,,,,,,,,,,,,,,,,
159,,,,,,,,,,r-35,,,,,,,,,,,,,,,,,,,,,,,,,,,,,,,,,,,,,,,,,,,,,,,,,,,,,,,,,,,,,,,,,,
160,,,,,,,,sh-195,,,,,,,,,,,,,,,,,,,,,,,,,,,,,,,,,,,,,,,,,,,,,,,,,,,,,,,,,,,,,,,,,,,,
161,,,,,,,,,,sh-196,,,,,,,,,,,,,,,,,,,,,,,,,,,,,,,,,,,,,,,,,,,,,,,,,,,,,,,,,,,,,,,,,,
162,,r-63,,,,,,,,,r-63,,,,,,,,,,,,,,,,,,,,,,,,,,,,,,,,,,,,,,,,,,,,,,,,,,,,,,,,,,,,,,,,,
163,,,sh-62,sh-63,sh-64,,,sh-119,sh-66,,,,,,,,,,,,,,,,sh-67,sh-68,,,,sh-69,sh-70,sh-71,sh-72,sh-73,sh-74,,,,,,,,,,,,,,,,,,,,,,,,,,,sh-197,sh-77,,,sh-78,sh-79,,sh-80,sh-81,sh-82,sh-83,sh-84,sh-85,,
164,,,,,,,,,,sh-198,,,,,,,,,,,,,,,,,,,,,,,,,,,,,,,,,,,,,,,,,,,,,,,,,,,,,,,,,,,,,,,,,,
165,,,,,,,,,,sh-199,,,,,,,,,,,,,,,,,,,,,,,,,,,,,,,,,,,,,,,,,,,,,,,,,,,,,,,,,,,,,,,,,,
166,,,,,,,,,,sh-200,,,,,,,,,,,,,,,,,,,,,,,,,,,,,,,,,,,,,,,,,,,,,,,,,,,,,,,,,,,,,,,,,,
167,,,,,,,,,,r-77,r-77,,,,,,,,,,,,,,,,,,,,,,,,,,,,,,,,,,,,,,,,,,,,,,,,,,,,,,,,,,,,,,,,,
168,,,,,,,,,,r-76,r-76,,,,,,,,,,,,,,,,,,,,,,,,,,,,,,,,,,,,,,,,,,,,,,,,,,,,,,,,,,,,,,,,,
169,,,,,,,,,,sh-201,sh-202,,,,,,,,,,,,,,,,,,,,,,,,,,,,,,,,,,,,,,,,,,,,,,,,,,,,,,,,,,,,,,,,,
170,,r-94,,,,,,r-94,,r-94,r-94,,,r-94,,r-94,,r-94,,r-94,r-94,r-94,r-94,r-94,r-94,r-94,r-94,r-94,r-94,,,,,,,r-94,,r-94,,,,,,,,,,,,,,,,,,,,,,,,,,,,,,,,,,,,,,
171,,,,,,,,,,sh-203,,,,,,,,,,,,,,,,,,,,,,,,,,,,,,,,,,,,,,,,,,,,,,,,,,,,,,,,,,,,,,,,,,
172,,r-83,,,,,,r-83,,r-83,r-83,,,r-83,,r-83,,r-83,,,,,,,,,,,,,,,,,,r-83,,r-83,,,,,,,,,,,,,,,,,,,,,,,,,,,,,,,,,,,,,,
173,,r-90,,,,,,r-90,,r-90,r-90,,,r-90,,r-90,,r-90,,r-90,r-90,r-90,r-90,r-90,r-90,r-90,sh-135,sh-136,sh-137,,,,,,,r-90,,r-90,,,,,,,,,,,,,,,,,,,,,,,,,,,,,,sh-138,,,,,,,,
174,,r-92,,,,,,r-92,,r-92,r-92,,,r-92,,r-92,,r-92,,r-92,r-92,r-92,r-92,r-92,r-92,r-92,r-92,r-92,r-92,,,,,,,r-92,,r-92,,,,,,,,,,,,,,,,,,,,,,,,,,,,,,,,,,,,,,
175,r-57,,r-57,r-57,r-57,r-57,r-57,r-57,,,,,,r-57,r-57,r-57,,r-57,r-57,,,,,,,,,,,,,,,,,r-57,,r-57,,,,,,,,,,,,,,,,,,,,,,,,,,,,,,,,,,,,,,
176,r-55,,r-55,r-55,r-55,r-55,r-55,r-55,,,,,,r-55,r-55,r-55,sh-205,r-55,r-55,,,,,,,,,,,,,,,,,r-55,,r-55,,,,,,,,,,,,,,,,,,,,,,,,,,,,,,,,,,,,,,
177,r-56,,r-56,r-56,r-56,r-56,r-56,r-56,,,,,,r-56,r-56,r-56,,r-56,r-56,,,,,,,,,,,,,,,,,r-56,,r-56,,,,,,,,,,,,,,,,,,,,,,,,,,,,,,,,,,,,,,
178,r-67,,r-67,r-67,r-67,r-67,r-67,r-67,,,,,,r-67,r-67,r-67,,r-67,r-67,,,,,,,,,,,,,,,,,r-67,,r-67,,,,,,,,,,,,,,,,,,,,,,,,,,,,,,,,,,,,,,
179,,sh-206,,,,,,,,,,,,,,,,,,,,,,,,,,,,,,,,,,,,,,,,,,,,,,,,,,,,,,,,,,,,,,,,,,,,,,,,,,
180,r-50,,r-50,r-50,r-50,r-50,r-50,r-50,,,,,,r-50,r-50,r-50,,r-50,r-50,,,,,,,,,,,,,,,,,r-50,,r-50,,,,,,,,,,,,,,,,,,,,,,,,,,,,,,,,,,,,,,
181,r-51,,r-51,r-51,r-51,r-51,r-51,r-51,,,,,,r-51,r-51,r-51,,r-51,r-51,,,,,,,,,,,,,,,,,r-51,,r-51,,,,,,,,,,,,,,,,,,,,,,,,,,,,,,,,,,,,,,
182,r-52,,r-52,r-52,r-52,r-52,r-52,r-52,,,,,,r-52,r-52,r-52,,r-52,r-52,,,,,,,,,,,,,,,,,r-52,,r-52,,,,,,,,,,,,,,,,,,,,,,,,,,,,,,,,,,,,,,
183,,sh-207,,,,,,,,,,,,,,,,,,,,,,,,,,,,,,,,,,,,,,,,,,,,,,,,,,,,,,,,,,,,,,,,,,,,,,,,,,
184,,sh-208,,,,,,,,,,,,,,,,,,,,,,,,,,,,,,,,,,,,,,,,,,,,,,,,,,,,,,,,,,,,,,,,,,,,,,,,,,
185,r-55,,r-55,r-55,r-55,r-55,r-55,r-55,,,,,,r-55,r-55,r-55,,r-55,r-55,,,,,,,,,,,,,,,,,r-55,,r-55,,,,,,,,,,,,,,,,,,,,,,,,,,,,,,,,,,,,,,
186,r-69,,r-69,r-69,r-69,r-69,r-69,r-69,,,,,,r-69,r-69,r-69,,r-69,r-69,,,,,,,,,,,,,,,,,r-69,,r-69,,,,,,,,,,,,,,,,,,,,,,,,,,,,,,,,,,,,,,
187,,r-64,,,,,,,,,sh-104,,,,,,,,,,,,,,,,,,,,,,,,,,,,,,,,,,,,,,,,,,,,,,,,,,,,,,,,,,,,,,,,,
188,,,r-41,r-41,r-41,r-41,r-41,r-41,,,,,,r-41,r-41,r-41,,r-41,r-41,,,,,,,,,,,,,,,,,r-41,,r-41,,,,,,,,,,,,,,,,,,,,,,,,,,,,,,,,,,,,,,
189,,,r-42,r-42,r-42,r-42,r-42,r-42,,,,,,r-42,r-42,r-42,,r-42,r-42,,,,,,,,,,,,,,,,,r-42,,r-42,,,,,,,,,,,,,,,,,,,,,,,,,,,,,,,,,,,,,,
190,,,r-47,r-47,r-47,r-47,r-47,r-47,,,,,,r-47,r-47,r-47,,r-47,r-47,,,,,,,,,,,,,,,,,r-47,,r-47,,,,,,,,,,,,,,,,,,,,,,,,,,,,,,,,,,,,,,
191,,,r-48,r-48,r-48,r-48,r-48,r-48,,,,,,r-48,r-48,r-48,,r-48,r-48,,,,,,,,,,,,,,,,,r-48,,r-48,,,,,,,,,,,,,,,,,,,,,,,,,,,,,,,,,,,,,,
192,,,,,,,,,,sh-210,,,,,,,,,,,,,,,,,,,,,,,,,,,,,,,,,,,,,,,,,,,,,,,,,,,,,,,,,,,,,,,,,,
193,,,sh-62,sh-63,sh-64,,,sh-86,sh-66,,,,,,,,,,,,,,,,sh-67,sh-68,,,,sh-69,sh-70,sh-71,sh-72,sh-73,sh-74,,,,,,,,,,,,,,,,,,,,,,,,,,,,,,,,sh-79,,sh-211,sh-81,sh-82,sh-83,sh-84,sh-85,,
194,,,sh-62,sh-63,sh-64,,,sh-86,sh-66,,,,,,,,,,,,,,,,sh-67,sh-68,,,,sh-69,sh-70,sh-71,sh-72,sh-73,sh-74,,,,,,,,,,,,,,,,,,,,,,,,,,,,,,,,sh-79,,sh-212,sh-81,sh-82,sh-83,sh-84,sh-85,,
195,,,,,,,,,,r-34,sh-214,,,,,,,,,,,,,,,,,,,,,,,,,,,,,,,,,,,,,,,,,,,,,,,,,,,,,,,,,,,,,,,,,
196,,r-32,,,,,,,,,,r-32,,,,,,,,,,,,,,,,,,,,,,,,,,,,,,,,,,,,,,,,,,,,,,,,,,,,,,,,,,,,,,,,
197,,sh-175,,,,,,sh-6,,,,,,sh-32,,sh-7,,sh-8,,,,,,,,,,,,,,,,,,sh-10,,sh-11,,,,,,,,,,sh-185,,,sh-177,sh-215,,,,,sh-179,sh-180,sh-181,sh-182,,,,,,,,,,,,,,,sh-183,sh-184
198,,r-105,,,,,,r-105,,r-105,r-105,,,r-105,,r-105,,r-105,,r-105,r-105,r-105,r-105,r-105,r-105,r-105,r-105,r-105,r-105,,,,,,,r-105,,r-105,,,,,,,,,,,,,,,,,,,,,,,,,,,,,,,,,,,,,,
199,,r-106,,,,,,r-106,,r-106,r-106,,,r-106,,r-106,,r-106,,r-106,r-106,r-106,r-106,r-106,r-106,r-106,r-106,r-106,r-106,,,,,,,r-106,,r-106,,,,,,,,,,,,,,,,,,,,,,,,,,,,,,,,,,,,,,
200,,r-107,,,,,,r-107,,r-107,r-107,,,r-107,,r-107,,r-107,,r-107,r-107,r-107,r-107,r-107,r-107,r-107,r-107,r-107,r-107,,,,,,,r-107,,r-107,,,,,,,,,,,,,,,,,,,,,,,,,,,,,,,,,,,,,,
201,,r-74,,,,,,r-74,,r-74,r-74,,,r-74,,r-74,,r-74,,,,,,,,,,,,,,,,,,r-74,,r-74,,,,,,,,,,,,,,,,,,,,,,,,,,,,,,,,,,,,,,
202,,,sh-62,sh-63,sh-64,,,sh-119,sh-66,,,,,,,,,,,,,,,,sh-67,sh-68,,,,sh-69,sh-70,sh-71,sh-72,sh-73,sh-74,,,,,,,,,,,,,,,,,,,,,,,,,,,sh-216,sh-77,,,sh-78,sh-79,,sh-80,sh-81,sh-82,sh-83,sh-84,sh-85,,
203,,r-95,,,,,,r-95,,r-95,r-95,,,r-95,,r-95,,r-95,,r-95,r-95,r-95,r-95,r-95,r-95,r-95,r-95,r-95,r-95,,,,,,,r-95,,r-95,,,,,,,,,,,,,,,,,,,,,,,,,,,,,,,,,,,,,,
204,,r-90,,,,,,r-90,,r-90,r-90,,,r-90,,r-90,,r-90,,r-90,r-90,r-90,r-90,r-90,r-90,r-90,,,,,,,,,,r-90,,r-90,,,,,,,,,,,,,,,,,,,,,,,,,,,,,,,,,,,,,,
205,,sh-175,,,,,,sh-6,,,,,,sh-32,,sh-7,,sh-8,,,,,,,,,,,,,,,,,,sh-10,,sh-11,,,,,,,,,,sh-185,,,sh-177,sh-217,,,,,sh-179,sh-180,sh-181,sh-182,,,,,,,,,,,,,,,sh-183,sh-184
206,r-49,,r-49,r-49,r-49,r-49,r-49,r-49,,,,,,r-49,r-49,r-49,,r-49,r-49,,,,,,,,,,,,,,,,,r-49,,r-49,,,,,,,,,,,,,,,,,,,,,,,,,,,,,,,,,,,,,,
207,r-53,,r-53,r-53,r-53,r-53,r-53,r-53,,,,,,r-53,r-53,r-53,,r-53,r-53,,,,,,,,,,,,,,,,,r-53,,r-53,,,,,,,,,,,,,,,,,,,,,,,,,,,,,,,,,,,,,,
208,r-54,,r-54,r-54,r-54,r-54,r-54,r-54,,,,,,r-54,r-54,r-54,,r-54,r-54,,,,,,,,,,,,,,,,,r-54,,r-54,,,,,,,,,,,,,,,,,,,,,,,,,,,,,,,,,,,,,,
209,,r-64,,,,,,,,,,,,,,,,,,,,,,,,,,,,,,,,,,,,,,,,,,,,,,,,,,,,,,,,,,,,,,,,,,,,,,,,,,
210,,sh-218,,,,,,,,,,,,,,,,,,,,,,,,,,,,,,,,,,,,,,,,,,,,,,,,,,,,,,,,,,,,,,,,,,,,,,,,,,
211,,r-108,,,,,,,,,,,,,,,,,,,,,,,,,,,,,,,,,,,,,,,,,,,,,,,,,,,,,,,,,,,,,,,,,,,,,,,,,,
212,,r-112,,,,,,,,,,,,,,,,,,,,,,,,,,,,,,,,,,,,,,,,,,,,,,,,,,,,,,,,,,,,,,,,,,,,,,,,,,
213,,,,,,,,,,r-34,,,,,,,,,,,,,,,,,,,,,,,,,,,,,,,,,,,,,,,,,,,,,,,,,,,,,,,,,,,,,,,,,,
214,,,sh-1,sh-2,sh-3,,,,,r-35,,,,,,,,,,,,,,,,,,,,,,,,,,,,,,,,,sh-160,,,sh-219,,,,,,,,,,,,,,,,,,,,,,,,,,,,,,
215,r-36,,r-36,r-36,r-36,r-36,r-36,r-36,,,,,,,,r-36,,r-36,r-36,,,,,,,,,,,,,,,,,r-36,,r-36,,,,,,,,,,,,,,,,,,,,,,,,,,,,,,,,,,,,,,
216,,,,,,,,,,r-75,r-75,,,,,,,,,,,,,,,,,,,,,,,,,,,,,,,,,,,,,,,,,,,,,,,,,,,,,,,,,,,,,,,,,
217,r-68,,r-68,r-68,r-68,r-68,r-68,r-68,,,,,,r-68,r-68,r-68,,r-68,r-68,,,,,,,,,,,,,,,,,r-68,,r-68,,,,,,,,,,,,,,,,,,,,,,,,,,,,,,,,,,,,,,
218,r-70,,r-70,r-70,r-70,r-70,r-70,r-70,,,,,,r-70,r-70,r-70,,r-70,r-70,,,,,,,,,,,,,,,,,r-70,,r-70,,,,,,,,,,,,,,,,,,,,,,,,,,,,,,,,,,,,,,
219,,,,,,,,,,r-33,,,,,,,,,,,,,,,,,,,,,,,,,,,,,,,,,,,,,,,,,,,,,,,,,,,,,,,,,,,,,,,,,,